DROP DATABASE IF EXISTS `ssisdb`; 
CREATE DATABASE IF NOT EXISTS `ssisdb`;
USE `ssisdb`;

SET GLOBAL sql_mode=(SELECT REPLACE(@@sql_mode,'ONLY_FULL_GROUP_BY',''));

CREATE TABLE `invitations` (
    code VARCHAR(10) NOT NULL,
    PRIMARY KEY(code)
);
INSERT INTO `invitations` (`code`)
VALUES ('baluobo');


CREATE TABLE `admin`(
    username VARCHAR(20) NOT NULL,
    password VARCHAR(100) NOT NULL,
    PRIMARY KEY(username)
);
INSERT INTO `admin`(`username`, `password`)
VALUES ('eden', 'sha256$ULUS96W3djTrRi7e$233ff68eb2b2c3593440e1d6c0dabaaea17a9f246328db4ab1f09d05f5929568');


CREATE TABLE `college`(
    code VARCHAR(10) NOT NULL,
    name VARCHAR(50) NOT NULL,
    PRIMARY KEY(code)
);

CREATE TABLE `course`(
    code VARCHAR(100) NOT NULL,
    name VARCHAR(500) NOT NULL,
    college VARCHAR(45) NOT NULL,
    PRIMARY KEY(code)
);

CREATE TABLE `students`(
    id VARCHAR(9) NOT NULL,
    firstname VARCHAR(500) NOT NULL,
    middlename VARCHAR(20) NOT NULL,
    lastname VARCHAR(200) NOT NULL,
    year INT(1) NOT NULL,
    gender VARCHAR(10) NOT NULL,
    coursecode VARCHAR(100) NOT NULL,
    collegecode VARCHAR(100),
    photo VARCHAR(500),
    PRIMARY KEY(id),
    FOREIGN KEY(coursecode) REFERENCES course(code),
    FOREIGN KEY(collegecode) REFERENCES college(code)
);

-- 禁用外键检查
SET FOREIGN_KEY_CHECKS = 0;

-- 插入 college 表数据
INSERT INTO `college`(`code`, `name`)
VALUES 
    ('CCS', 'College of Computer Studies'),
    ('CSM', 'College of Science and Mathematics'),
    ('CASS', 'College of Arts and Social Sciences'),
    ('COET', 'College of Engineering and Technology'),
    ('CED', 'College of Education'),
    ('CON', 'College of Nursing');

-- 插入 course 表数据
INSERT INTO `course`(`code`, `name`, `college`)
VALUES 
    ('BSCS', 'Bachelor of Science in Computer Science', 'CCS'),
    ('BSIT', 'Bachelor of Science in Information Technology', 'CCS'),
    ('BSIS', 'Bachelor of Science in Information System', 'CCS'),
    ('BSCE', 'Bachelor of Science in Civil Engineering', 'COET'),
    ('BSChemEng', 'Bachelor of Science in Chemical Engineering', 'CCS'),
    ('BSEE', 'Bachelor of Science in Electrical Engineering', 'COET'),
    ('BSCpE', 'Bachelor of Science in Computer Engineering', 'COET'),
    ('BSAE', 'Bachelor of Science in Agricultural Engineering', 'COET'),
    ('BSED', 'Bachelor of Science in Education', 'CED'),
    ('BSBA', 'Bachelor of Science in Business Administration', 'CASS'),
    ('BSHRM', 'Bachelor of Science in Hospitality Management', 'CASS'),
    ('BSCrim', 'Bachelor of Science in Criminology', 'CASS'),
    ('BSN', 'Bachelor of Science in Nursing', 'CON'),
    ('BSP', 'Bachelor of Science in Pharmacy', 'CON'),
    ('BSSW', 'Bachelor of Science in Social Work', 'CASS'),
    ('BSPsych', 'Bachelor of Science in Psychology', 'CSM'),
    ('BSBiology', 'Bachelor of Science in Biology', 'CSM'),
    ('BSChemistry', 'Bachelor of Science in Chemistry', 'CSM'),
    ('BSEnvironmental', 'Bachelor of Science in Environmental Science', 'CSM'),
    ('BSMathematics', 'Bachelor of Science in Mathematics', 'CSM'),
    ('BSEconomics', 'Bachelor of Arts in Economics', 'CASS'),
    ('BSSociology', 'Bachelor of Arts in Sociology', 'CASS'),
    ('BSEnglish', 'Bachelor of Arts in English', 'CASS'),
    ('BSHistory', 'Bachelor of Arts in History', 'CASS'),
    ('BSPhilosophy', 'Bachelor of Arts in Philosophy', 'CASS'),
    ('BSMarketing', 'Bachelor of Science in Marketing', 'CASS'),
    ('BSAccountancy', 'Bachelor of Science in Accountancy', 'CASS'),
    ('BSHumanResources', 'Bachelor of Science in Human Resources', 'CASS'),
    ('BSWebDev', 'Bachelor of Science in Web Development', 'CCS'),
    ('BSCybersec', 'Bachelor of Science in Cyber Security', 'CCS'),
    ('BSSoftEng', 'Bachelor of Science in Software Engineering', 'CCS'),
    ('BSAI', 'Bachelor of Science in Artificial Intelligence', 'CCS'),
    ('BSDataSci', 'Bachelor of Science in Data Science', 'CCS'),
    ('BSSysAdmin', 'Bachelor of Science in Systems Administration', 'CCS'),
    ('BSGameDev', 'Bachelor of Science in Game Development', 'CCS'),
    ('BSAgribusiness', 'Bachelor of Science in Agribusiness', 'CED'),
    ('BSSportSci', 'Bachelor of Science in Sports Science', 'CED'),
    ('BSPublicHealth', 'Bachelor of Science in Public Health', 'CON'),
    ('BSCulinary', 'Bachelor of Science in Culinary Arts', 'CASS'),
    ('BSFashion', 'Bachelor of Science in Fashion Design', 'CASS'),
    ('BSGraphicDesign', 'Bachelor of Science in Graphic Design', 'CASS'),
    ('BSInteriorDesign', 'Bachelor of Science in Interior Design', 'CASS'),
    ('BSPhotography', 'Bachelor of Science in Photography', 'CASS'),
    ('BSSoundEngineering', 'Bachelor of Science in Sound Engineering', 'CASS'),
    ('BSFilm', 'Bachelor of Arts in Film', 'CASS'),
    ('BSTheater', 'Bachelor of Arts in Theater', 'CASS'),
    ('BSDance', 'Bachelor of Arts in Dance', 'CASS'),
    ('BSAudioVisual', 'Bachelor of Arts in Audio Visual', 'CASS'),
    ('BSCriminalJustice', 'Bachelor of Science in Criminal Justice', 'CASS'),
    ('BSCognitiveScience', 'Bachelor of Science in Cognitive Science', 'CSM'),
    ('BSEnviroPolicy', 'Bachelor of Science in Environmental Policy', 'CSM'),
    ('BSPerformingArts', 'Bachelor of Arts in Performing Arts', 'CASS'),
    ('BSSpeechPathology', 'Bachelor of Science in Speech Pathology', 'CON'),
    ('BSDigitalMedia', 'Bachelor of Science in Digital Media', 'CCS'),
    ('BSNetworkEngineering', 'Bachelor of Science in Network Engineering', 'CCS'),
    ('BSSupplyChain', 'Bachelor of Science in Supply Chain Management', 'CASS'),
    ('BSHealthAdministration', 'Bachelor of Science in Health Administration', 'CON'),
    ('BSSportsManagement', 'Bachelor of Science in Sports Management', 'CED'),
    ('BSInteriorArchitecture', 'Bachelor of Science in Interior Architecture', 'CASS'),
    ('BSPublicRelations', 'Bachelor of Arts in Public Relations', 'CASS'),
    ('BSCrisisManagement', 'Bachelor of Science in Crisis Management', 'CASS'),
    ('BSSustainableDevelopment', 'Bachelor of Science in Sustainable Development', 'CED'),
    ('BSEducationTechnology', 'Bachelor of Science in Educational Technology', 'CED'),
    ('BSPharmaceuticalSciences', 'Bachelor of Science in Pharmaceutical Sciences', 'CON'),
    ('BSClinicalPsychology', 'Bachelor of Science in Clinical Psychology', 'CSM'),
    ('BSForensicScience', 'Bachelor of Science in Forensic Science', 'CASS'),
    ('BSActuarialScience', 'Bachelor of Science in Actuarial Science', 'CSM'),
    ('BSMediaStudies', 'Bachelor of Arts in Media Studies', 'CASS'),
    ('BSVisualArts', 'Bachelor of Fine Arts in Visual Arts', 'CASS'),
    ('BSMusic', 'Bachelor of Music', 'CASS'),
    ('BSDanceTherapy', 'Bachelor of Science in Dance Therapy', 'CASS'),
    ('BSSocialWork', 'Bachelor of Social Work', 'CASS'),
    ('BSSportsPsychology', 'Bachelor of Science in Sports Psychology', 'CSM'),
    ('BSEthnicStudies', 'Bachelor of Arts in Ethnic Studies', 'CASS'),
    ('BSSustainableAgriculture', 'Bachelor of Science in Sustainable Agriculture', 'CED'),
    ('BSChildDevelopment', 'Bachelor of Science in Child Development', 'CED'),
    ('BSHealthEducation', 'Bachelor of Science in Health Education', 'CON'),
    ('BSEmergencyManagement', 'Bachelor of Science in Emergency Management', 'CED'),
    ('BSUrbanPlanning', 'Bachelor of Science in Urban Planning', 'COET'),
    ('BSEnvironmentalDesign', 'Bachelor of Science in Environmental Design', 'COET'),
    ('BSSustainableEnergy', 'Bachelor of Science in Sustainable Energy', 'COET'),
    ('BSSystemsEngineering', 'Bachelor of Science in Systems Engineering', 'COET'),
    ('BSRenewableEnergy', 'Bachelor of Science in Renewable Energy', 'COET'),
    ('BSIndustrialEngineering', 'Bachelor of Science in Industrial Engineering', 'COET'),
    ('BSConstructionManagement', 'Bachelor of Science in Construction Management', 'COET'),
    ('BSCivilEngineeringTechnology', 'Bachelor of Science in Civil Engineering Technology', 'COET'),
    ('BSManufacturingEngineering', 'Bachelor of Science in Manufacturing Engineering', 'COET'),
    ('BSInformationSystemsManagement', 'Bachelor of Science in Information Systems Management', 'CCS'),
    ('BSBusinessAnalytics', 'Bachelor of Science in Business Analytics', 'CASS'),
    ('BSEventManagement', 'Bachelor of Science in Event Management', 'CASS');

-- 插入 students 表数据
INSERT INTO `students` (`id`, `firstname`, `middlename`, `lastname`, `year`, `coursecode`, `collegecode`, `gender`, `photo`)
VALUES 
    ('2022-1001', 'Aether', '', 'Lumine', 1, 'BSCS', 'CCS', 'Male', 'figs/aether.jpg'),
    ('2022-1002', 'Lumine', '', 'Aether', 2, 'BSIT', 'CCS', 'Female', 'figs/lumine.jpg'),
    ('2022-1003', 'Diluc', '', 'Ragnvindr', 3, 'BSCE', 'COET', 'Male', 'figs/diluc.jpg'),
    ('2022-1004', 'Jean', '', 'Gunnhildr', 4, 'BSIS', 'CCS', 'Female', 'figs/jean.jpg'),
    ('2022-1005', 'Venti', '', 'Barbatos', 1, 'BSChemEng', 'CCS', 'Male', 'figs/venti.png'),
    ('2022-1006', 'Xingqiu', '', 'Chongyun', 2, 'BSCS', 'CSM', 'Male', 'figs/xingqiu.jpg'),
    ('2022-1007', 'Mona', '', 'Magistus', 3, 'BSIT', 'CSM', 'Female', 'figs/mona.jpg'),
    ('2022-1008', 'Fischl', '', 'Ravens', 1, 'BSCE', 'COET', 'Female', 'figs/fischl.jpg'),
    ('2022-1009', 'Klee', '', 'Flamechuchu', 2, 'CED', 'CED', 'Female', 'figs/klee.jpg'),
    ('2022-1010', 'Albedo', '', 'Fitz', 3, 'CON', 'CON', 'Male', 'figs/albedo.jpg'),
    ('2022-1011', 'Sucrose', '', 'Alchemist', 1, 'BSBiology', 'CSM', 'Female', 'figs/sucrose.jpg'),
    ('2022-1012', 'Zhongli', '', 'Geo', 2, 'BSPsych', 'CSM', 'Male', 'figs/zhongli.jpg'),
    ('2022-1013', 'Ganyu', '', 'Xiao', 1, 'BSN', 'CON', 'Female', 'figs/ganyu.jpg'),
    ('2022-1014', 'Kazuha', '', 'Ishida', 2, 'BSHumanResources', 'CASS', 'Male', 'figs/kazuha.jpg'),
    ('2022-1015', 'Keqing', '', 'Yuheng', 3, 'BSSoftEng', 'CCS', 'Female', 'figs/keqing.jpg'),
    ('2022-1016', 'Hu Tao', '', 'Wangsheng', 1, 'BSCrim', 'CASS', 'Female', 'figs/hutao.jpg'),
    ('2022-1017', 'Xiao', '', 'Ying', 2, 'BSDataSci', 'CCS', 'Male', 'figs/xiao.jpg'),
    ('2022-1018', 'Chongyun', '', 'Qingxin', 3, 'BSCE', 'COET', 'Male', 'figs/chongyun.jpg'),
    ('2022-1019', 'Diona', '', 'Katzlein', 1, 'BSHRM', 'CASS', 'Female', 'figs/diona.jpg'),
    ('2022-1020', 'Tartaglia', '', 'Childe', 2, 'BSBA', 'CASS', 'Male', 'figs/tartaglia.jpg'),
    ('2022-1021', 'Alhaitham', '', 'Sumeru', 3, 'BSCS', 'CCS', 'Male', 'figs/alhaitham.jpg'),
    ('2022-1022', 'Nilou', '', 'Dancer', 1, 'BSSW', 'CASS', 'Female', 'figs/nilou.jpg'),
    ('2022-1023', 'Yae Miko', '', 'Goddess', 2, 'BSSupplyChain', 'CASS', 'Female', 'figs/yaemiko.jpg'),
    ('2022-1024', 'Furina', '', 'Dew', 3, 'BSPublicHealth', 'CON', 'Female', 'figs/furina.jpg'),
    ('2022-1025', 'Paimon', '', 'Guide', 1, 'BSEducationTechnology', 'CED', 'Female', 'figs/paimon.jpg'),
    ('2022-1026', 'Mika', '', 'Palefrost', 2, 'BSInformationSystemsManagement', 'CCS', 'Male', 'figs/mika.jpg'),
    ('2022-1027', 'Kujou Sara', '', 'General', 3, 'BSEnvironmental', 'CSM', 'Female', 'figs/sara.jpg'),
    ('2022-1028', 'Sayu', '', 'Yoshiko', 1, 'BSGameDev', 'CCS', 'Female', 'figs/sayu.jpg'),
    ('2022-1029', 'Razor', '', 'Wolf', 2, 'BSMusic', 'CASS', 'Male', 'figs/razor.jpg'),
    ('2022-1030', 'Yanfei', '', 'Legal', 3, 'BSHealthEducation', 'CON', 'Female', 'figs/yanfei.jpg'),
    ('2022-1031', 'Kuki Shinobu', '', 'Kujou', 1, 'BSSocialWork', 'CASS', 'Female', 'figs/kuki.jpg'),
    ('2022-1032', 'Tighnari', '', 'Forest', 2, 'BSSustainableAgriculture', 'CED', 'Male', 'figs/tighnari.jpg'),
    ('2022-1033', 'Cyno', '', 'Thunder', 3, 'BSForensicScience', 'CASS', 'Male', 'figs/cyno.jpg'),
    ('2022-1034', 'Scaramouche', '', 'Wanderer', 1, 'BSPhilosophy', 'CASS', 'Male', 'figs/scaramouche.jpg'),
    ('2022-1035', 'Lisa', '', 'Librarian', 2, 'BSEconomics', 'CASS', 'Female', 'figs/lisa.jpg'),
    ('2022-1036', 'Klee', '', 'Flamechuchu', 3, 'BSPhotography', 'CASS', 'Female', 'figs/klee.jpg'),
    ('2022-1037', 'Rosaria', '', 'Knight', 1, 'BSCriminalJustice', 'CASS', 'Female', 'figs/rosaria.jpg'),
    ('2022-1038', 'Sangonomiya Kokomi', '', 'Priestess', 2, 'BSCognitiveScience', 'CSM', 'Female', 'figs/kokomi.jpg'),
    ('2022-1039', 'Yelan', '', 'Intelligence', 3, 'BSNetworkEngineering', 'CCS', 'Female', 'figs/yelan.jpg'),
    ('2022-1040', 'Bennett', '', 'Adventurer', 1, 'BSHealthAdministration', 'CON', 'Male', 'figs/bennett.jpg'),
    ('2022-1041', 'Gorou', '', 'General', 2, 'BSEnvironmentalDesign', 'COET', 'Male', 'figs/gorou.jpg'),
    ('2022-1042', 'Yae Sakura', '', 'Miko', 3, 'BSSustainableEnergy', 'COET', 'Female', 'figs/yaesakura.jpg'),
    ('2022-1043', 'Kamisato Ayaka', '', 'Cryo', 1, 'BSActuarialScience', 'CSM', 'Female', 'figs/ayaka.jpg'),
    ('2022-1044', 'Kamisato Ayato', '', 'Tengu', 2, 'BSSportsManagement', 'CED', 'Male', 'figs/ayato.jpg'),
    ('2022-1045', 'Wanderer', '', 'Sumeru', 3, 'BSUrbanPlanning', 'COET', 'Male', 'figs/wanderer.jpg'),
    ('2022-1046', 'Albedo', '', 'Fitz', 1, 'BSBiology', 'CSM', 'Male', 'figs/albedo.jpg'),
    ('2022-1047', 'Bai Zhu', '', 'Doctor', 2, 'BSSupplyChain', 'CASS', 'Male', 'figs/baizhu.jpg'),
    ('2022-1048', 'Pantalone', '', 'Wealth', 3, 'BSFinance', 'CASS', 'Male', 'figs/pantalone.jpg'),
    ('2022-1049', 'Dori', '', 'Merchant', 1, 'BSMarketing', 'CASS', 'Female', 'figs/dori.jpg'),
    ('2022-1050', 'Kujou Sara', '', 'Warrior', 2, 'BSDataSci', 'CCS', 'Female', 'figs/sara.jpg'),
    ('2022-1051', 'Tartaglia', '', 'Foul', 3, 'BSGameDev', 'CCS', 'Male', 'figs/tartaglia.jpg'),
    ('2022-1052', 'Xingqiu', '', 'Chongyun', 1, 'BSCulinary', 'CASS', 'Male', 'figs/xingqiu.jpg'),
    ('2022-1053', 'Ningguang', '', 'Jade', 2, 'BSVisualArts', 'CASS', 'Female', 'figs/ningguang.jpg'),
    ('2022-1054', 'Beidou', '', 'Captain', 3, 'BSIndustrialEngineering', 'COET', 'Female', 'figs/beidou.jpg'),
    ('2022-1055', 'Fischl', '', 'Ravens', 1, 'BSPhilosophy', 'CASS', 'Female', 'figs/fischl.jpg'),
    ('2022-1056', 'Catherine', '', 'Adventurer', 2, 'BSSoundEngineering', 'CASS', 'Female', 'figs/catherine.jpg'),
    ('2022-1057', 'Diona', '', 'Katzlein', 3, 'BSN', 'CON', 'Female', 'figs/diona.jpg'),
    ('2022-1058', 'Yae Miko', '', 'Goddess', 1, 'BSSocialWork', 'CASS', 'Female', 'figs/yaemiko.jpg'),
    ('2022-1059', 'Kazuha', '', 'Ishida', 2, 'BSHumanResources', 'CASS', 'Male', 'figs/kazuha.jpg'),
    ('2022-1060', 'Scaramouche', '', 'Wanderer', 3, 'BSMarketing', 'CASS', 'Male', 'figs/scaramouche.jpg'),
    ('2022-1061', 'Rosaria', '', 'Knight', 1, 'BSBiology', 'CSM', 'Female', 'figs/rosaria.jpg'),
    ('2022-1062', 'Klee', '', 'Flamechuchu', 2, 'BSPhotography', 'CASS', 'Female', 'figs/klee.jpg'),
    ('2022-1063', 'Eula', '', 'Lawrence', 3, 'BSDataSci', 'CCS', 'Female', 'figs/eula.jpg'),
    ('2022-1064', 'Sucrose', '', 'Alchemist', 1, 'BSChemistry', 'CSM', 'Female', 'figs/sucrose.jpg'),
    ('2022-1065', 'Xinyan', '', 'Rock', 2, 'BSPerformingArts', 'CASS', 'Female', 'figs/xinyan.jpg'),
    ('2022-1066', 'Xiangling', '', 'Chef', 3, 'BSCulinary', 'CASS', 'Female', 'figs/xiangling.jpg'),
    ('2022-1067', 'Hu Tao', '', 'Wangsheng', 1, 'BSHRM', 'CASS', 'Female', 'figs/hutao.jpg'),
    ('2022-1068', 'Alhaitham', '', 'Sumeru', 2, 'BSCS', 'CCS', 'Male', 'figs/alhaitham.jpg'),
    ('2022-1069', 'Yae Sakura', '', 'Miko', 3, 'BSGameDev', 'CCS', 'Female', 'figs/yaesakura.jpg'),
    ('2022-1070', 'Kujou Sara', '', 'General', 1, 'BSSupplyChain', 'CASS', 'Female', 'figs/sara.jpg'),
    ('2022-1071', 'Kamisato Ayaka', '', 'Cryo', 2, 'BSHumanResources', 'CASS', 'Female', 'figs/ayaka.jpg'),
    ('2022-1072', 'Kamisato Ayato', '', 'Tengu', 3, 'BSCS', 'CCS', 'Male', 'figs/ayato.jpg'),
    ('2022-1073', 'Wanderer', '', 'Sumeru', 1, 'BSUrbanPlanning', 'COET', 'Male', 'figs/wanderer.jpg'),
    ('2022-1074', 'Albedo', '', 'Fitz', 2, 'BSBiology', 'CSM', 'Male', 'figs/albedo.jpg'),
    ('2022-1075', 'Bai Zhu', '', 'Doctor', 3, 'BSSupplyChain', 'CASS', 'Male', 'figs/baizhu.jpg'),
    ('2022-1076', 'Pantalone', '', 'Wealth', 1, 'BSFinance', 'CASS', 'Male', 'figs/pantalone.jpg'),
    ('2022-1077', 'Dori', '', 'Merchant', 2, 'BSMarketing', 'CASS', 'Female', 'figs/dori.jpg'),
    ('2022-1078', 'Kujou Sara', '', 'Warrior', 3, 'BSDataSci', 'CCS', 'Female', 'figs/sara.jpg'),
    ('2022-1079', 'Tartaglia', '', 'Foul', 1, 'BSGameDev', 'CCS', 'Male', 'figs/tartaglia.jpg'),
    ('2022-1080', 'Xingqiu', '', 'Chongyun', 2, 'BSCulinary', 'CASS', 'Male', 'figs/xingqiu.jpg'),
    ('2022-1081', 'Ningguang', '', 'Jade', 3, 'BSVisualArts', 'CASS', 'Female', 'figs/ningguang.jpg'),
    ('2022-1082', 'Beidou', '', 'Captain', 1, 'BSIndustrialEngineering', 'COET', 'Female', 'figs/beidou.jpg'),
    ('2022-1083', 'Fischl', '', 'Ravens', 2, 'BSPhilosophy', 'CASS', 'Female', 'figs/fischl.jpg'),
    ('2022-1084', 'Catherine', '', 'Adventurer', 3, 'BSSoundEngineering', 'CASS', 'Female', 'figs/catherine.jpg'),
    ('2022-1085', 'Diona', '', 'Katzlein', 1, 'BSN', 'CON', 'Female', 'figs/diona.jpg'),
    ('2022-1086', 'Yae Miko', '', 'Goddess', 2, 'BSSocialWork', 'CASS', 'Female', 'figs/yaemiko.jpg'),
    ('2022-1087', 'Kazuha', '', 'Ishida', 3, 'BSHumanResources', 'CASS', 'Male', 'figs/kazuha.jpg'),
    ('2022-1088', 'Scaramouche', '', 'Wanderer', 1, 'BSMarketing', 'CASS', 'Male', 'figs/scaramouche.jpg'),
    ('2022-1089', 'Rosaria', '', 'Knight', 2, 'BSBiology', 'CSM', 'Female', 'figs/rosaria.jpg'),
    ('2022-1090', 'Klee', '', 'Flamechuchu', 3, 'BSPhotography', 'CASS', 'Female', 'figs/klee.jpg'),
    ('2022-1091', 'Eula', '', 'Lawrence', 1, 'BSDataSci', 'CCS', 'Female', 'figs/eula.jpg'),
    ('2022-1092', 'Sucrose', '', 'Alchemist', 2, 'BSChemistry', 'CSM', 'Female', 'figs/sucrose.jpg'),
    ('2022-1093', 'Xinyan', '', 'Rock', 3, 'BSPerformingArts', 'CASS', 'Female', 'figs/xinyan.jpg'),
    ('2022-1094', 'Xiangling', '', 'Chef', 1, 'BSHRM', 'CASS', 'Female', 'figs/xiangling.jpg'),
    ('2022-1095', 'Hu Tao', '', 'Wangsheng', 2, 'BSCS', 'CCS', 'Female', 'figs/hutao.jpg'),
    ('2022-1096', 'Alhaitham', '', 'Sumeru', 3, 'BSGameDev', 'CCS', 'Male', 'figs/alhaitham.jpg'),
    ('2022-1097', 'Yae Sakura', '', 'Miko', 1, 'BSGameDev', 'CCS', 'Female', 'figs/yaesakura.jpg'),
    ('2022-1098', 'Kamisato Ayaka', '', 'Cryo', 2, 'BSHumanResources', 'CASS', 'Female', 'figs/ayaka.jpg'),
    ('2022-1099', 'Kamisato Ayato', '', 'Tengu', 3, 'BSCS', 'CCS', 'Male', 'figs/ayato.jpg'),
    ('2022-1100', 'Wanderer', '', 'Sumeru', 1, 'BSUrbanPlanning', 'COET', 'Male', 'figs/wanderer.jpg'),
    ('2022-1101', 'Albedo', '', 'Fitz', 2, 'BSBiology', 'CSM', 'Male', 'figs/albedo.jpg'),
    ('2022-1102', 'Bai Zhu', '', 'Doctor', 3, 'BSSupplyChain', 'CASS', 'Male', 'figs/baizhu.jpg'),
    ('2022-1103', 'Pantalone', '', 'Wealth', 1, 'BSFinance', 'CASS', 'Male', 'figs/pantalone.jpg'),
    ('2022-1104', 'Dori', '', 'Merchant', 2, 'BSMarketing', 'CASS', 'Female', 'figs/dori.jpg'),
    ('2022-1105', 'Kujou Sara', '', 'Warrior', 3, 'BSDataSci', 'CCS', 'Female', 'figs/sara.jpg'),
    ('2022-1106', 'Tartaglia', '', 'Foul', 1, 'BSGameDev', 'CCS', 'Male', 'figs/tartaglia.jpg'),
    ('2022-1107', 'Xingqiu', '', 'Chongyun', 2, 'BSCulinary', 'CASS', 'Male', 'figs/xingqiu.jpg'),
    ('2022-1108', 'Ningguang', '', 'Jade', 3, 'BSVisualArts', 'CASS', 'Female', 'figs/ningguang.jpg'),
    ('2022-1109', 'Beidou', '', 'Captain', 1, 'BSIndustrialEngineering', 'COET', 'Female', 'figs/beidou.jpg'),
    ('2022-1110', 'Fischl', '', 'Ravens', 2, 'BSPhilosophy', 'CASS', 'Female', 'figs/fischl.jpg'),
    ('2022-1111', 'Catherine', '', 'Adventurer', 3, 'BSSoundEngineering', 'CASS', 'Female', 'figs/catherine.jpg'),
    ('2022-1112', 'Diona', '', 'Katzlein', 1, 'BSN', 'CON', 'Female', 'figs/diona.jpg'),
    ('2022-1113', 'Yae Miko', '', 'Goddess', 2, 'BSSocialWork', 'CASS', 'Female', 'figs/yaemiko.jpg'),
    ('2022-1114', 'Kazuha', '', 'Ishida', 3, 'BSHumanResources', 'CASS', 'Male', 'figs/kazuha.jpg'),
    ('2022-1115', 'Scaramouche', '', 'Wanderer', 1, 'BSMarketing', 'CASS', 'Male', 'figs/scaramouche.jpg'),
    ('2022-1116', 'Rosaria', '', 'Knight', 2, 'BSBiology', 'CSM', 'Female', 'figs/rosaria.jpg'),
    ('2022-1117', 'Klee', '', 'Flamechuchu', 3, 'BSPhotography', 'CASS', 'Female', 'figs/klee.jpg'),
    ('2022-1118', 'Eula', '', 'Lawrence', 1, 'BSDataSci', 'CCS', 'Female', 'figs/eula.jpg'),
    ('2022-1119', 'Sucrose', '', 'Alchemist', 2, 'BSChemistry', 'CSM', 'Female', 'figs/sucrose.jpg'),
    ('2022-1120', 'Xinyan', '', 'Rock', 3, 'BSPerformingArts', 'CASS', 'Female', 'figs/xinyan.jpg'),
    ('2022-1121', 'Xiangling', '', 'Chef', 1, 'BSHRM', 'CASS', 'Female', 'figs/xiangling.jpg'),
    ('2022-1122', 'Hu Tao', '', 'Wangsheng', 2, 'BSCS', 'CCS', 'Female', 'figs/hutao.jpg'),
    ('2022-1123', 'Alhaitham', '', 'Sumeru', 3, 'BSGameDev', 'CCS', 'Male', 'figs/alhaitham.jpg'),
    ('2022-1124', 'Yae Sakura', '', 'Miko', 1, 'BSGameDev', 'CCS', 'Female', 'figs/yaesakura.jpg'),
    ('2022-1125', 'Kamisato Ayaka', '', 'Cryo', 2, 'BSHumanResources', 'CASS', 'Female', 'figs/ayaka.jpg'),
    ('2022-1126', 'Kamisato Ayato', '', 'Tengu', 3, 'BSCS', 'CCS', 'Male', 'figs/ayato.jpg'),
    ('2022-1127', 'Wanderer', '', 'Sumeru', 1, 'BSUrbanPlanning', 'COET', 'Male', 'figs/wanderer.jpg'),
    ('2022-1128', 'Albedo', '', 'Fitz', 2, 'BSBiology', 'CSM', 'Male', 'figs/albedo.jpg'),
    ('2022-1129', 'Bai Zhu', '', 'Doctor', 3, 'BSSupplyChain', 'CASS', 'Male', 'figs/baizhu.jpg'),
    ('2022-1130', 'Pantalone', '', 'Wealth', 1, 'BSFinance', 'CASS', 'Male', 'figs/pantalone.jpg'),
    ('2022-1131', 'Dori', '', 'Merchant', 2, 'BSMarketing', 'CASS', 'Female', 'figs/dori.jpg'),
    ('2022-1132', 'Kujou Sara', '', 'Warrior', 3, 'BSDataSci', 'CCS', 'Female', 'figs/sara.jpg'),
    ('2022-1133', 'Tartaglia', '', 'Foul', 1, 'BSGameDev', 'CCS', 'Male', 'figs/tartaglia.jpg'),
    ('2022-1134', 'Xingqiu', '', 'Chongyun', 2, 'BSCulinary', 'CASS', 'Male', 'figs/xingqiu.jpg'),
    ('2022-1135', 'Ningguang', '', 'Jade', 3, 'BSVisualArts', 'CASS', 'Female', 'figs/ningguang.jpg'),
    ('2022-1136', 'Beidou', '', 'Captain', 1, 'BSIndustrialEngineering', 'COET', 'Female', 'figs/beidou.jpg'),
    ('2022-1137', 'Fischl', '', 'Ravens', 2, 'BSPhilosophy', 'CASS', 'Female', 'figs/fischl.jpg'),
    ('2022-1138', 'Catherine', '', 'Adventurer', 3, 'BSSoundEngineering', 'CASS', 'Female', 'figs/catherine.jpg'),
    ('2022-1139', 'Diona', '', 'Katzlein', 1, 'BSN', 'CON', 'Female', 'figs/diona.jpg'),
    ('2022-1140', 'Yae Miko', '', 'Goddess', 2, 'BSSocialWork', 'CASS', 'Female', 'figs/yaemiko.jpg'),
    ('2022-1141', 'Kazuha', '', 'Ishida', 3, 'BSHumanResources', 'CASS', 'Male', 'figs/kazuha.jpg'),
    ('2022-1142', 'Scaramouche', '', 'Wanderer', 1, 'BSMarketing', 'CASS', 'Male', 'figs/scaramouche.jpg'),
    ('2022-1143', 'Rosaria', '', 'Knight', 2, 'BSBiology', 'CSM', 'Female', 'figs/rosaria.jpg'),
    ('2022-1144', 'Klee', '', 'Flamechuchu', 3, 'BSPhotography', 'CASS', 'Female', 'figs/klee.jpg'),
    ('2022-1145', 'Eula', '', 'Lawrence', 1, 'BSDataSci', 'CCS', 'Female', 'figs/eula.jpg'),
    ('2022-1146', 'Sucrose', '', 'Alchemist', 2, 'BSChemistry', 'CSM', 'Female', 'figs/sucrose.jpg'),
    ('2022-1147', 'Xinyan', '', 'Rock', 3, 'BSPerformingArts', 'CASS', 'Female', 'figs/xinyan.jpg'),
    ('2022-1148', 'Xiangling', '', 'Chef', 1, 'BSHRM', 'CASS', 'Female', 'figs/xiangling.jpg'),
    ('2022-1149', 'Hu Tao', '', 'Wangsheng', 2, 'BSCS', 'CCS', 'Female', 'figs/hutao.jpg'),
    ('2022-1150', 'Alhaitham', '', 'Sumeru', 3, 'BSGameDev', 'CCS', 'Male', 'figs/alhaitham.jpg'),
    ('2022-1151', 'Yae Sakura', '', 'Miko', 1, 'BSGameDev', 'CCS', 'Female', 'figs/yaesakura.jpg'),
    ('2022-1152', 'Kamisato Ayaka', '', 'Cryo', 2, 'BSHumanResources', 'CASS', 'Female', 'figs/ayaka.jpg'),
    ('2022-1153', 'Kamisato Ayato', '', 'Tengu', 3, 'BSCS', 'CCS', 'Male', 'figs/ayato.jpg'),
    ('2022-1154', 'Wanderer', '', 'Sumeru', 1, 'BSUrbanPlanning', 'COET', 'Male', 'figs/wanderer.jpg'),
    ('2022-1155', 'Albedo', '', 'Fitz', 2, 'BSBiology', 'CSM', 'Male', 'figs/albedo.jpg'),
    ('2022-1156', 'Bai Zhu', '', 'Doctor', 3, 'BSSupplyChain', 'CASS', 'Male', 'figs/baizhu.jpg'),
    ('2022-1157', 'Pantalone', '', 'Wealth', 1, 'BSFinance', 'CASS', 'Male', 'figs/pantalone.jpg'),
    ('2022-1158', 'Dori', '', 'Merchant', 2, 'BSMarketing', 'CASS', 'Female', 'figs/dori.jpg'),
    ('2022-1159', 'Kujou Sara', '', 'Warrior', 3, 'BSDataSci', 'CCS', 'Female', 'figs/sara.jpg'),
    ('2022-1160', 'Tartaglia', '', 'Foul', 1, 'BSGameDev', 'CCS', 'Male', 'figs/tartaglia.jpg'),
    ('2022-1161', 'Xingqiu', '', 'Chongyun', 2, 'BSCulinary', 'CASS', 'Male', 'figs/xingqiu.jpg'),
    ('2022-1162', 'Ningguang', '', 'Jade', 3, 'BSVisualArts', 'CASS', 'Female', 'figs/ningguang.jpg'),
    ('2022-1163', 'Beidou', '', 'Captain', 1, 'BSIndustrialEngineering', 'COET', 'Female', 'figs/beidou.jpg'),
    ('2022-1164', 'Fischl', '', 'Ravens', 2, 'BSPhilosophy', 'CASS', 'Female', 'figs/fischl.jpg'),
    ('2022-1165', 'Catherine', '', 'Adventurer', 3, 'BSSoundEngineering', 'CASS', 'Female', 'figs/catherine.jpg'),
    ('2022-1166', 'Diona', '', 'Katzlein', 1, 'BSN', 'CON', 'Female', 'figs/diona.jpg'),
    ('2022-1167', 'Yae Miko', '', 'Goddess', 2, 'BSSocialWork', 'CASS', 'Female', 'figs/yaemiko.jpg'),
    ('2022-1168', 'Kazuha', '', 'Ishida', 3, 'BSHumanResources', 'CASS', 'Male', 'figs/kazuha.jpg'),
    ('2022-1169', 'Scaramouche', '', 'Wanderer', 1, 'BSMarketing', 'CASS', 'Male', 'figs/scaramouche.jpg'),
    ('2022-1170', 'Rosaria', '', 'Knight', 2, 'BSBiology', 'CSM', 'Female', 'figs/rosaria.jpg'),
    ('2022-1171', 'Klee', '', 'Flamechuchu', 3, 'BSPhotography', 'CASS', 'Female', 'figs/klee.jpg'),
    ('2022-1172', 'Eula', '', 'Lawrence', 1, 'BSDataSci', 'CCS', 'Female', 'figs/eula.jpg'),
    ('2022-1173', 'Sucrose', '', 'Alchemist', 2, 'BSChemistry', 'CSM', 'Female', 'figs/sucrose.jpg'),
    ('2022-1174', 'Xinyan', '', 'Rock', 3, 'BSPerformingArts', 'CASS', 'Female', 'figs/xinyan.jpg'),
    ('2022-1175', 'Xiangling', '', 'Chef', 1, 'BSHRM', 'CASS', 'Female', 'figs/xiangling.jpg'),
    ('2022-1176', 'Hu Tao', '', 'Wangsheng', 2, 'BSCS', 'CCS', 'Female', 'figs/hutao.jpg'),
    ('2022-1177', 'Alhaitham', '', 'Sumeru', 3, 'BSGameDev', 'CCS', 'Male', 'figs/alhaitham.jpg'),
    ('2022-1178', 'Yae Sakura', '', 'Miko', 1, 'BSGameDev', 'CCS', 'Female', 'figs/yaesakura.jpg'),
    ('2022-1179', 'Kamisato Ayaka', '', 'Cryo', 2, 'BSHumanResources', 'CASS', 'Female', 'figs/ayaka.jpg'),
    ('2022-1180', 'Kamisato Ayato', '', 'Tengu', 3, 'BSCS', 'CCS', 'Male', 'figs/ayato.jpg'),
    ('2022-1181', 'Wanderer', '', 'Sumeru', 1, 'BSUrbanPlanning', 'COET', 'Male', 'figs/wanderer.jpg'),
    ('2022-1182', 'Albedo', '', 'Fitz', 2, 'BSBiology', 'CSM', 'Male', 'figs/albedo.jpg'),
    ('2022-1183', 'Bai Zhu', '', 'Doctor', 3, 'BSSupplyChain', 'CASS', 'Male', 'figs/baizhu.jpg'),
    ('2022-1184', 'Pantalone', '', 'Wealth', 1, 'BSFinance', 'CASS', 'Male', 'figs/pantalone.jpg'),
    ('2022-1185', 'Dori', '', 'Merchant', 2, 'BSMarketing', 'CASS', 'Female', 'figs/dori.jpg'),
    ('2022-1186', 'Kujou Sara', '', 'Warrior', 3, 'BSDataSci', 'CCS', 'Female', 'figs/sara.jpg'),
    ('2022-1187', 'Tartaglia', '', 'Foul', 1, 'BSGameDev', 'CCS', 'Male', 'figs/tartaglia.jpg'),
    ('2022-1188', 'Xingqiu', '', 'Chongyun', 2, 'BSCulinary', 'CASS', 'Male', 'figs/xingqiu.jpg'),
    ('2022-1189', 'Ningguang', '', 'Jade', 3, 'BSVisualArts', 'CASS', 'Female', 'figs/ningguang.jpg'),
    ('2022-1190', 'Beidou', '', 'Captain', 1, 'BSIndustrialEngineering', 'COET', 'Female', 'figs/beidou.jpg'),
    ('2022-1191', 'Fischl', '', 'Ravens', 2, 'BSPhilosophy', 'CASS', 'Female', 'figs/fischl.jpg'),
    ('2022-1192', 'Catherine', '', 'Adventurer', 3, 'BSSoundEngineering', 'CASS', 'Female', 'figs/catherine.jpg'),
    ('2022-1193', 'Diona', '', 'Katzlein', 1, 'BSN', 'CON', 'Female', 'figs/diona.jpg'),
    ('2022-1194', 'Yae Miko', '', 'Goddess', 2, 'BSSocialWork', 'CASS', 'Female', 'figs/yaemiko.jpg');

-- 启用外键检查
SET FOREIGN_KEY_CHECKS = 1;
